"作業ID","作業者","作業者ページURL","承認日時","1. 遷移先URL上での回答が完了した場合は下記にて「はい」を選択お願いいたします。","","2. URL先で回答したクラウドワークス上のワーカー名を記載お願いいたします。"
"55467778","fwna2149","http://crowdworks.jp/public/employees/1229329","2021-11-08 16:30:41","1","はい","fwna2149"
"55467805","k0s9y2t9","http://crowdworks.jp/public/employees/3058253","2021-11-08 16:30:55","1","はい","k0s9y2t9"
"55467775","lcptn15","http://crowdworks.jp/public/employees/1285363","2021-11-08 18:21:48","1","はい","lcptn15"
"55475719","tomjelly","http://crowdworks.jp/public/employees/4504489","2021-11-08 18:36:22","1","はい","tomjelly"
"55467825","りりなりこ","http://crowdworks.jp/public/employees/3184242","2021-11-08 18:37:57","1","はい","りりなりこ"
"55467842","NAHYRM","http://crowdworks.jp/public/employees/3959632","2021-11-08 18:37:57","1","はい","NAHYRM"
"55467869","umi_no_mori","http://crowdworks.jp/public/employees/4207663","2021-11-08 18:37:57","1","はい","umi_no_mori"
"55467873","matumura554","http://crowdworks.jp/public/employees/1065439","2021-11-08 18:37:58","1","はい","matumura554"
"55467881","mghsq","http://crowdworks.jp/public/employees/4326379","2021-11-08 18:38:05","1","はい","mghsq"
"55467890","supershit666","http://crowdworks.jp/public/employees/3124577","2021-11-08 18:38:05","1","はい","supershit666"
"55467907","mikib941","http://crowdworks.jp/public/employees/4501414","2021-11-08 18:38:07","1","はい","mikib941"
"55471357","rag_55","http://crowdworks.jp/public/employees/2141268","2021-11-08 18:38:07","1","はい","rag_55"
"55471382","kojima1204","http://crowdworks.jp/public/employees/3538501","2021-11-08 18:38:08","1","はい","kojima1204"
"55471404","nishi_255","http://crowdworks.jp/public/employees/4626358","2021-11-08 18:38:08","1","はい","nishi_255"
"55471497","sayuri0718","http://crowdworks.jp/public/employees/2436650","2021-11-08 18:38:08","1","はい","sayuri0718"
"55471511","johnsmith2","http://crowdworks.jp/public/employees/4509733","2021-11-08 18:38:10","1","はい","johnsmith2"
"55471515","fukan12","http://crowdworks.jp/public/employees/4515945","2021-11-08 18:38:11","1","はい","fukan12"
"55472740","sr15","http://crowdworks.jp/public/employees/508329","2021-11-08 18:38:12","1","はい","sr15"
"55472752","スイートバジル","http://crowdworks.jp/public/employees/3803589","2021-11-08 18:38:22","1","はい","スイートバジル"
"55472782","coincidence","http://crowdworks.jp/public/employees/4320655","2021-11-08 18:38:23","1","はい","coincidence"
"55475591","wannya-","http://crowdworks.jp/public/employees/3579473","2021-11-08 18:38:23","1","はい","nyao20"
"55475685","パテマ","http://crowdworks.jp/public/employees/4011894","2021-11-08 18:38:23","1","はい","パテマ"
"55471439","ryou7727","http://crowdworks.jp/public/employees/4559062","2021-11-10 05:43:05","1","はい","ryou7727"
"55472906","syouta20020728","http://crowdworks.jp/public/employees/4632598","2021-11-10 05:43:06","1","はい","syouta20020728"
